Week,AL,AK,AZ,AR,CA,CO,CT,DE,FL,GA,HI,ID,IL,IN,IA,KS,KY,LA,ME,MD,MA,MI,MN,MS,MO,MT,NE,NV,NH,NJ,NM,NY,NC,ND,OH,OK,OR,PA,RI,SC,SD,TN,TX,UT,VT,VA,WA,WV,WI,WY
2018-11-18,60,78,70,66,55,60,64,37,28,52,63,49,64,74,69,65,60,34,45,63,67,63,65,51,68,61,46,52,65,62,48,66,60,53,64,63,71,61,40,54,65,39,56,65,38,61,64,59,63,28
2018-11-25,87,70,68,100,74,73,70,58,37,63,57,77,76,88,93,80,75,43,72,77,78,76,76,67,81,83,59,81,95,82,63,78,78,64,76,86,82,72,84,79,68,48,83,77,49,74,80,84,87,78
2018-12-02,83,49,76,90,73,72,75,72,35,70,64,78,72,97,85,90,74,47,61,79,78,85,80,67,75,67,69,73,77,76,53,75,79,58,81,83,72,88,65,74,80,43,83,76,76,70,82,83,83,66
2018-12-09,73,61,79,89,75,80,77,61,37,63,83,81,81,91,97,82,70,45,84,71,71,86,72,59,90,68,64,63,73,78,60,71,68,70,83,84,80,78,50,66,97,45,83,86,55,66,73,75,88,60
2018-12-16,62,50,67,60,66,71,71,40,33,61,72,75,71,72,82,71,67,44,72,77,81,82,71,44,78,57,62,68,60,75,45,68,76,73,71,75,72,77,59,62,95,44,64,63,48,65,76,72,95,50
2018-12-23,46,36,53,44,51,52,49,28,27,51,41,38,57,59,59,54,42,34,56,61,54,58,54,48,61,54,50,59,53,52,43,61,54,23,55,52,54,57,40,49,21,36,48,64,42,59,64,49,59,26
2018-12-30,66,52,61,56,49,59,64,24,29,50,37,43,57,61,60,60,60,39,54,67,69,64,65,48,68,59,46,56,55,65,42,70,64,53,64,59,64,73,57,67,60,36,52,63,41,58,67,47,67,48
2019-01-06,64,55,77,73,65,71,73,54,30,65,60,57,68,79,91,76,73,42,49,81,67,77,71,58,72,56,65,69,72,76,55,68,69,66,79,66,77,72,69,64,69,43,66,80,64,68,75,69,72,75
2019-01-13,86,63,76,70,73,70,78,63,35,67,59,59,73,90,84,90,73,44,53,77,72,80,64,65,78,83,63,77,73,79,63,66,69,52,75,85,79,75,74,71,75,47,72,71,56,66,82,71,81,79
2019-01-20,76,53,69,71,68,70,69,53,34,61,74,74,66,84,65,70,74,39,52,74,70,75,58,64,84,85,50,77,46,71,72,59,64,65,71,76,79,64,53,73,61,41,69,71,36,65,74,70,69,66
2019-01-27,83,55,83,83,75,81,67,66,36,62,66,80,67,78,59,91,75,47,69,67,76,58,66,65,77,52,66,74,68,67,64,62,73,49,67,89,77,73,68,85,54,42,72,82,64,68,79,64,57,52
2019-02-03,83,55,83,86,78,74,74,63,38,75,87,79,84,91,82,71,78,48,51,89,83,70,81,67,86,76,57,64,79,76,64,74,71,57,92,78,71,75,65,91,62,44,73,84,34,81,68,76,74,34
2019-02-10,77,54,81,75,74,75,76,51,35,74,77,69,85,89,77,74,68,50,64,78,83,77,76,59,92,86,67,74,70,72,71,74,72,59,80,74,79,75,57,90,71,49,75,76,61,85,70,87,89,70
2019-02-17,82,91,82,81,77,83,71,64,37,68,77,70,88,89,98,76,79,46,41,71,70,80,76,60,96,82,55,62,62,76,57,65,75,51,76,71,84,71,53,95,72,40,77,85,52,81,74,76,96,77
2019-02-24,82,56,90,70,82,82,79,61,36,70,70,66,86,79,92,73,83,44,60,80,87,79,81,66,81,69,65,80,54,74,67,77,78,73,81,78,76,83,61,100,63,44,76,74,61,84,90,87,84,52
2019-03-03,91,77,89,76,83,89,89,91,41,74,59,65,100,92,86,95,82,35,68,84,83,84,92,65,87,83,73,90,68,78,74,82,85,88,87,83,80,87,77,95,65,52,82,94,42,89,92,71,98,55
2019-03-10,80,72,79,82,83,75,78,68,36,73,76,87,89,85,79,68,78,53,61,92,80,80,84,44,78,64,52,78,83,82,65,80,84,48,80,83,80,75,75,88,61,50,66,74,50,81,83,67,84,58
2019-03-17,81,61,79,58,85,91,82,45,33,69,67,85,85,89,72,80,91,43,94,90,84,83,83,68,79,78,54,90,79,80,64,86,93,59,78,69,80,78,69,94,70,45,79,79,63,100,77,80,83,100
2019-03-24,75,72,88,74,75,78,83,70,36,61,58,70,65,73,73,78,76,44,79,84,77,72,72,54,82,82,61,77,58,79,60,84,82,44,71,72,64,79,70,93,78,42,83,83,53,82,78,79,75,40
2019-03-31,81,55,78,83,74,87,72,64,35,57,79,60,77,74,84,78,56,46,69,84,77,69,82,51,93,70,57,79,64,78,66,83,85,52,76,65,72,74,68,85,71,46,83,74,45,80,69,61,97,49
2019-04-07,73,64,86,71,71,73,72,81,36,67,77,67,73,90,89,82,70,46,73,73,70,71,77,55,76,64,53,96,69,73,49,76,84,48,76,69,90,78,79,85,59,42,81,76,40,84,69,72,89,79
2019-04-14,70,64,76,79,66,79,56,83,35,58,53,61,66,81,75,83,64,39,59,62,64,73,79,51,71,66,62,62,62,65,54,67,69,38,71,83,67,67,50,61,49,47,74,74,30,64,77,69,78,78
2019-04-21,77,46,84,79,71,79,79,50,36,63,82,69,72,80,83,83,70,41,70,71,72,75,74,63,73,68,62,69,41,65,61,66,76,52,67,64,70,71,73,81,61,49,80,76,62,73,78,58,78,83
2019-04-28,82,48,81,76,70,69,73,83,36,63,85,77,78,76,95,80,69,38,60,74,80,71,79,60,77,54,56,79,73,76,59,73,83,43,73,71,74,73,76,78,70,44,83,63,47,70,81,71,80,68
2019-05-05,68,50,77,62,73,81,70,53,33,59,81,66,71,66,89,67,72,43,69,73,77,71,83,58,79,64,58,77,60,76,54,75,81,47,69,67,65,72,49,74,49,38,73,63,37,69,77,70,85,64
2019-05-12,61,54,76,62,69,74,65,53,33,55,48,59,67,71,80,78,55,43,49,69,63,66,69,61,74,53,49,91,71,62,54,66,68,32,66,63,70,61,70,69,76,36,72,68,38,64,73,46,80,39
2019-05-19,59,54,71,59,71,66,65,46,34,53,58,56,62,77,77,56,69,43,58,59,63,60,71,47,71,43,55,60,73,62,58,69,71,50,67,60,61,61,64,63,49,38,67,65,24,68,70,60,70,41
2019-05-26,57,9,63,56,68,61,69,48,31,46,61,68,60,59,75,62,57,37,65,63,62,60,60,47,57,57,43,53,69,67,44,67,67,41,56,54,72,65,35,63,45,35,57,63,63,64,82,47,60,57
2019-06-02,51,56,62,40,63,56,64,53,28,44,59,58,58,57,61,43,58,32,50,66,59,68,55,47,56,67,44,55,58,64,39,61,57,43,54,61,65,65,72,51,69,35,56,56,31,62,82,59,62,49
2019-06-09,66,31,55,54,52,59,68,54,29,49,48,42,52,54,44,60,52,34,42,60,56,55,53,43,56,47,47,53,36,53,48,58,52,42,52,57,64,58,51,51,68,33,53,55,42,64,73,49,53,30
2019-06-16,54,35,60,46,54,55,43,37,28,49,55,48,53,57,58,56,47,41,48,54,56,53,55,44,57,50,45,69,53,55,47,54,55,74,56,60,50,57,43,48,67,33,58,58,36,46,60,47,54,74
2019-06-23,64,39,65,54,56,56,49,52,29,48,66,45,54,59,59,48,47,39,50,60,57,53,51,50,59,70,51,62,46,46,51,51,62,37,56,63,54,57,42,49,35,34,52,50,34,51,57,45,54,27
2019-06-30,58,27,59,49,48,57,51,22,26,47,59,58,45,49,46,56,42,40,34,46,54,47,46,45,56,25,37,53,55,48,50,45,51,51,48,56,50,57,38,41,73,34,49,49,35,49,48,48,54,34
2019-07-07,73,47,50,57,53,55,53,41,38,54,48,53,49,59,53,60,56,55,40,54,50,54,50,64,60,46,40,53,40,48,46,55,57,41,56,57,63,57,42,54,44,34,67,56,41,56,60,39,62,47
2019-07-14,59,40,56,60,53,50,40,45,31,49,56,60,48,57,54,48,47,36,43,57,49,47,52,47,57,50,38,48,43,45,45,53,54,32,58,53,57,57,41,53,48,36,52,59,37,53,61,60,47,11
2019-07-21,68,36,60,57,52,48,53,55,39,53,35,64,56,57,51,47,51,42,41,57,56,52,56,46,59,38,45,53,43,51,44,56,66,52,58,62,60,57,39,50,45,37,57,61,28,60,66,57,54,51
2019-07-28,67,37,61,46,52,53,60,60,37,51,68,46,57,54,53,64,52,33,38,58,57,60,52,46,53,50,42,52,47,53,39,57,57,31,59,63,59,59,48,51,35,32,55,61,46,56,67,57,64,46
2019-08-04,62,58,59,54,51,53,49,50,29,51,75,47,50,62,46,58,50,38,42,64,54,50,51,46,58,27,41,53,38,50,43,53,57,34,53,57,54,59,20,51,52,30,53,57,34,52,59,48,47,49
2019-08-11,56,38,63,43,53,53,52,45,26,49,33,36,49,57,53,52,53,40,41,55,47,53,48,55,57,52,25,49,42,52,47,52,52,33,57,56,60,56,44,45,49,34,48,61,19,51,52,49,59,55
2019-08-18,57,40,61,58,54,50,47,36,35,54,40,50,57,59,57,53,57,38,27,52,56,46,49,52,62,55,39,59,39,51,49,57,61,36,58,63,57,56,42,57,32,38,51,57,26,50,58,45,47,48
2019-08-25,62,38,66,56,51,56,51,43,32,52,55,55,56,62,50,44,60,41,29,61,50,55,47,37,55,50,43,67,46,47,52,53,57,28,59,59,56,62,46,49,61,32,55,63,36,59,49,53,53,33
2019-09-01,71,63,68,50,54,55,50,49,31,48,61,47,53,57,49,60,51,37,60,52,56,46,49,40,60,38,50,60,33,50,45,53,54,55,58,65,50,58,56,46,38,39,61,55,25,53,56,59,48,37
2019-09-08,61,41,61,67,60,59,56,57,44,58,77,53,60,67,64,65,61,44,47,63,62,62,55,61,64,34,46,56,51,57,45,58,70,44,65,66,60,59,56,63,60,37,64,61,22,60,58,60,58,71
2019-09-15,71,65,68,70,62,69,61,48,39,59,53,51,63,71,65,61,64,45,46,69,63,65,62,62,66,48,52,54,53,64,53,57,70,61,65,73,57,61,52,69,50,42,87,70,40,63,73,74,67,53
2019-09-22,70,39,70,54,63,75,58,60,34,55,73,68,60,69,60,76,54,44,59,67,66,57,64,62,67,72,48,56,42,64,48,59,73,41,66,64,54,65,60,70,50,37,67,64,63,65,59,65,65,42
2019-09-29,81,50,74,67,63,68,63,66,33,63,60,71,63,79,78,63,67,36,54,65,65,65,65,62,65,48,54,62,70,62,57,64,66,61,65,72,68,72,78,66,61,41,67,66,35,63,69,69,69,47
2019-10-06,64,73,73,65,62,66,71,67,34,59,35,67,67,74,72,65,60,47,46,75,71,66,71,57,70,55,56,72,56,59,62,69,74,75,65,69,75,73,59,59,71,39,67,65,49,70,67,59,69,63
2019-10-13,83,51,77,70,65,73,63,50,35,63,60,77,64,70,83,75,64,43,73,78,71,63,65,62,87,56,66,85,56,71,44,66,78,59,66,77,66,69,65,67,62,42,69,74,48,66,73,72,79,50
2019-10-20,64,51,79,62,67,76,74,57,33,65,68,78,67,76,84,74,66,44,54,74,73,71,62,63,73,68,58,66,71,71,59,68,73,52,68,67,71,71,67,69,48,42,69,72,44,66,73,60,66,53
2019-10-27,70,46,73,61,61,70,65,58,32,62,60,76,64,77,82,75,68,40,54,68,76,72,73,52,64,68,50,75,60,69,65,66,75,64,65,75,67,67,63,65,56,48,66,77,54,66,77,79,71,40
2019-11-03,77,60,73,65,67,80,76,49,32,64,60,82,68,78,69,76,67,40,68,76,84,69,66,61,81,80,67,71,60,65,51,65,78,49,74,69,73,72,59,65,57,46,73,66,58,72,84,65,73,60
2019-11-10,77,38,66,72,65,85,68,56,33,71,60,73,70,77,79,82,67,42,52,74,76,66,75,59,69,66,55,67,74,72,66,67,70,78,72,71,73,71,77,69,77,42,76,73,62,74,69,81,84,56
2019-11-17,75,65,79,69,70,75,70,66,34,71,60,69,75,78,83,71,66,43,58,82,73,70,72,65,69,63,54,62,78,75,49,73,79,77,76,79,75,70,60,74,63,50,79,73,53,71,83,73,82,71
2019-11-24,56,64,57,47,48,55,51,48,29,51,44,49,59,67,59,58,54,33,69,65,58,55,58,34,66,65,46,44,39,60,43,58,61,57,57,47,59,60,58,53,59,40,49,54,38,59,63,49,62,17
2019-12-01,80,49,66,71,69,78,71,62,35,63,63,67,73,79,78,83,67,44,66,73,68,74,71,57,76,62,57,73,57,67,54,66,76,59,69,66,77,69,64,65,65,44,79,75,47,69,77,74,75,69
2019-12-08,72,48,73,64,71,71,70,81,35,62,57,89,67,82,71,77,62,41,69,66,71,72,72,57,77,65,50,77,43,76,54,69,73,54,77,74,75,70,55,61,92,47,75,78,44,72,77,81,82,48
2019-12-15,58,73,59,58,60,67,54,46,28,54,57,79,63,66,68,60,68,34,64,64,68,62,68,44,62,58,65,57,52,71,52,63,58,58,68,61,66,63,48,53,50,37,61,59,34,59,70,61,68,37
2019-12-22,49,35,47,53,44,47,48,48,23,43,36,42,51,53,48,41,40,30,49,51,49,50,45,41,49,40,33,45,31,46,32,45,51,36,49,47,48,50,39,46,17,29,46,48,15,45,55,51,52,56
2019-12-29,49,37,52,52,47,55,54,40,24,43,54,44,53,54,58,57,53,31,59,49,57,51,55,35,61,47,42,51,56,56,44,55,57,45,54,54,60,58,49,46,46,31,51,62,18,52,61,58,61,22
2020-01-05,60,62,68,58,59,65,62,52,31,57,36,71,63,68,74,64,69,35,53,67,74,66,66,46,77,51,47,66,65,66,57,63,61,50,70,67,72,66,62,52,78,38,59,71,39,63,73,50,72,55
2020-01-12,70,59,70,67,65,65,63,55,31,61,69,73,74,80,77,69,63,40,52,73,62,72,60,50,64,44,42,73,61,69,66,65,67,78,79,66,70,60,63,56,64,38,62,80,53,67,63,66,83,46
2020-01-19,81,58,66,65,66,72,65,57,32,60,77,61,72,72,73,75,62,37,49,69,64,71,63,50,65,50,47,59,61,63,55,60,64,67,71,65,72,67,53,58,52,34,63,79,31,65,71,64,67,29
2020-01-26,76,41,76,86,68,76,59,64,32,59,63,71,78,81,78,77,71,39,48,67,66,70,72,48,79,75,50,71,56,68,78,66,68,50,75,77,67,70,57,65,85,43,69,73,48,66,79,81,72,64
2020-02-02,71,48,88,70,70,71,68,52,33,66,59,68,72,79,73,74,61,38,73,73,72,73,68,56,75,49,55,65,66,68,62,71,71,68,74,71,72,65,84,61,68,43,67,73,48,64,84,64,76,53
2020-02-09,78,51,82,66,68,78,72,64,33,68,69,66,74,84,74,73,65,48,67,75,74,68,76,62,73,75,57,69,78,73,67,74,72,49,72,74,82,66,67,74,64,40,69,88,44,68,71,64,79,60
2020-02-16,76,62,83,75,81,77,74,63,32,65,59,65,78,73,95,61,72,42,51,82,65,69,72,60,83,47,57,67,67,67,76,64,75,74,79,79,77,69,54,70,71,47,72,79,39,75,71,61,79,52
2020-02-23,84,62,80,68,73,77,72,53,34,68,59,100,80,79,82,81,68,38,55,73,76,65,80,57,76,68,54,77,39,70,46,74,84,71,79,75,77,75,62,73,78,43,76,71,42,79,88,74,89,43
2020-03-01,83,62,83,72,76,76,76,47,34,65,81,67,79,82,81,77,75,47,72,77,64,67,76,53,84,75,66,67,70,68,62,73,77,74,75,77,70,67,74,75,55,41,75,75,53,71,76,62,78,78
2020-03-08,78,50,65,83,70,77,67,52,32,60,70,76,76,75,79,67,68,45,50,72,64,66,63,46,68,79,50,77,61,66,60,77,75,45,64,60,68,64,59,84,57,45,61,77,50,76,75,61,76,54
2020-03-15,69,49,75,79,72,80,69,62,39,73,69,81,79,76,74,74,72,44,56,79,70,72,71,61,73,55,60,83,60,73,65,87,79,50,80,66,85,75,68,78,52,43,72,78,43,73,78,64,83,70
2020-03-22,74,45,78,70,74,79,84,59,36,66,72,67,72,64,62,65,80,46,60,72,76,66,57,60,66,72,58,96,66,72,51,92,86,42,70,67,68,76,67,83,68,45,84,90,59,72,82,62,75,91
2020-03-29,79,59,85,66,73,86,76,63,40,60,58,76,73,73,59,78,75,46,64,77,71,63,74,64,74,84,49,86,67,79,59,91,79,55,66,70,66,73,67,78,67,42,88,88,62,71,78,50,81,54
2020-04-05,76,70,84,69,73,84,71,56,39,65,79,80,74,75,66,86,65,39,71,80,70,66,80,52,79,63,56,80,83,72,61,87,80,69,67,76,69,71,73,79,53,43,85,76,51,70,67,66,78,62
2020-04-12,68,65,82,65,64,79,69,72,42,60,60,66,74,72,64,71,67,42,73,77,72,62,79,62,70,69,64,78,75,66,75,87,72,56,70,85,77,75,70,69,72,42,83,90,50,72,74,62,83,59
2020-04-19,76,44,87,76,68,79,75,86,39,61,85,78,72,66,73,60,70,40,55,75,61,66,83,53,73,52,53,71,63,69,64,91,84,61,71,76,75,73,58,76,69,41,86,80,52,75,76,58,80,65
2020-04-26,72,47,82,62,78,73,83,70,39,65,83,79,75,69,71,75,69,44,58,74,74,62,70,62,73,65,57,73,65,74,63,87,83,71,77,65,76,75,49,85,43,39,82,73,54,69,78,72,87,42
2020-05-03,67,36,72,70,69,81,69,60,39,57,68,68,75,66,61,68,66,40,65,81,69,64,80,58,70,60,55,77,66,75,64,87,69,46,66,70,67,75,66,67,56,39,79,62,66,70,72,55,78,74
2020-05-10,66,65,67,56,69,74,69,52,40,55,77,65,75,75,63,75,60,36,49,76,65,59,70,50,66,62,47,77,62,72,70,83,74,83,65,61,80,69,54,77,58,38,73,74,32,64,82,63,77,56
2020-05-17,54,38,74,56,67,66,62,55,36,50,65,65,61,65,59,59,49,37,55,68,62,57,65,36,68,58,48,60,57,58,51,67,64,50,57,51,66,67,48,60,48,37,63,67,33,57,80,47,65,36
2020-05-24,50,21,51,41,60,55,59,62,31,45,72,54,56,56,53,65,42,33,46,60,58,52,54,44,48,46,42,62,46,61,42,58,62,36,54,58,63,59,41,59,62,35,56,59,65,61,66,36,56,18
2020-05-31,55,40,55,51,49,53,56,24,30,44,50,40,46,48,40,50,49,51,52,54,53,52,45,47,52,32,31,53,46,54,42,59,52,23,48,60,65,49,41,50,19,33,60,54,32,43,59,31,48,39
2020-06-07,58,35,59,47,53,50,54,48,30,47,53,46,54,55,55,55,50,32,40,61,52,50,45,39,50,50,36,67,42,50,45,61,50,22,50,55,66,53,55,47,38,31,55,59,21,45,62,39,66,24
2020-06-14,57,45,55,55,60,59,50,48,28,51,44,60,51,54,55,64,46,32,47,57,50,47,55,42,55,50,35,49,61,53,36,57,54,15,53,46,58,55,46,49,37,34,57,63,30,52,67,43,50,42
2020-06-21,61,50,55,53,58,56,51,49,30,49,58,52,53,62,61,59,46,36,42,54,49,52,57,47,66,38,31,53,47,51,44,56,56,27,55,51,46,55,46,54,51,36,58,61,34,55,50,36,49,40
2020-06-28,60,60,65,50,61,49,48,42,29,49,51,44,52,58,50,51,45,39,32,53,53,43,49,38,54,53,44,60,56,53,51,55,52,13,51,68,58,56,45,44,45,34,55,55,39,49,57,45,53,19
2020-07-05,62,50,59,43,59,55,48,50,29,48,75,47,51,63,63,48,53,31,43,58,60,48,53,49,55,23,33,61,41,53,51,48,50,25,50,59,62,56,53,48,45,29,55,61,31,52,59,51,54,6
2020-07-12,50,40,55,44,59,55,46,46,29,43,64,47,55,60,56,41,53,32,48,58,47,48,51,35,53,43,43,62,48,50,50,54,53,29,50,53,56,56,47,50,49,31,55,49,46,47,59,52,54,51
2020-07-19,65,37,58,49,60,60,59,53,32,50,59,59,54,62,48,54,46,47,43,62,61,57,48,50,55,42,39,57,40,49,42,55,59,44,58,63,57,51,42,48,31,33,81,50,34,53,60,49,57,31
2020-07-26,58,61,54,52,54,53,50,64,36,51,53,52,54,52,56,52,54,34,34,55,47,49,52,40,53,55,42,56,50,54,52,51,59,31,56,58,58,50,40,52,28,35,62,52,36,49,55,56,62,57
2020-08-02,55,41,56,49,57,58,52,32,32,46,52,53,54,61,42,55,52,36,44,57,60,50,53,44,62,55,43,61,46,50,50,54,54,31,57,59,63,53,29,48,39,34,56,45,35,59,69,50,56,49
2020-08-09,62,42,64,45,51,51,43,49,33,47,61,43,48,54,48,47,47,31,38,60,51,48,53,41,59,43,45,57,48,51,43,54,61,37,51,47,53,56,38,52,32,34,57,55,46,59,60,47,56,31
2020-08-16,67,43,59,56,51,61,54,59,57,55,43,55,54,69,49,64,56,53,47,58,58,55,52,56,57,56,47,54,55,54,44,53,60,39,57,65,61,55,34,55,18,42,82,56,30,56,59,50,50,57
2020-08-23,56,48,64,60,53,59,46,46,32,51,60,39,51,63,42,54,65,43,39,54,52,50,52,54,53,47,39,64,60,51,54,51,66,36,51,45,64,54,41,49,44,43,60,45,32,55,58,51,56,50
2020-08-30,60,46,67,53,57,58,48,46,32,51,65,46,56,61,61,60,54,39,36,51,56,50,53,51,61,84,49,61,52,49,48,52,63,47,59,62,52,59,46,52,55,37,55,63,26,52,58,52,53,42
2020-09-06,72,66,68,57,56,59,56,52,43,53,77,69,59,68,62,58,64,49,36,61,56,51,51,61,65,38,53,64,47,50,48,52,63,61,62,68,42,62,52,58,65,39,63,54,33,57,51,47,63,37
2020-09-13,70,52,68,60,59,58,59,35,35,59,81,54,58,65,67,68,68,48,49,65,54,54,58,65,64,48,47,63,50,55,47,54,65,52,68,64,46,59,47,77,47,42,78,58,44,60,57,46,65,67
2020-09-20,60,46,67,58,62,65,58,50,32,53,68,59,57,71,65,72,63,38,59,70,58,56,53,63,65,63,47,70,50,58,59,57,64,44,65,62,59,59,42,61,53,38,68,63,53,63,62,64,67,34
2020-09-27,65,42,65,63,60,59,53,54,32,52,74,67,59,61,60,58,51,39,46,68,58,57,48,69,66,52,51,54,52,66,48,56,64,55,60,71,59,62,42,51,63,38,63,61,34,57,61,58,56,41
2020-10-04,67,57,67,55,60,69,56,61,34,53,69,84,59,71,60,69,56,45,50,70,59,53,61,63,62,54,54,53,53,58,47,65,62,61,58,69,62,63,46,53,52,43,60,67,33,64,67,63,62,29
2020-10-11,57,52,62,51,60,63,61,55,33,49,46,65,57,68,67,61,62,47,46,74,55,59,55,60,57,52,44,56,54,56,49,62,64,40,68,68,64,63,43,55,48,38,62,60,47,58,63,42,67,42
2020-10-18,67,78,65,51,61,59,60,44,34,57,56,53,60,65,59,66,63,46,47,71,67,58,61,55,61,41,49,73,58,61,49,64,62,26,63,72,63,61,41,54,44,43,64,59,40,64,66,74,66,22
2020-10-25,70,48,62,67,58,55,52,58,34,55,68,67,56,69,67,57,56,46,35,58,62,56,55,59,64,54,41,51,57,60,42,59,61,62,62,53,54,57,50,62,24,41,61,68,50,60,67,63,71,38
2020-11-01,58,48,55,48,47,49,43,58,30,46,59,48,47,56,47,53,53,39,46,54,56,50,48,45,50,36,45,58,42,48,48,51,53,54,50,61,49,51,38,46,57,34,55,56,37,50,53,45,50,23
2020-11-08,72,25,66,56,58,60,67,56,35,62,49,44,60,66,61,57,58,43,51,66,66,61,60,59,67,41,45,62,48,58,54,56,65,48,58,70,63,62,32,57,53,39,69,72,29,59,71,65,60,0
2020-11-15,75,74,65,60,63,70,68,51,33,60,53,57,63,61,59,58,65,35,45,73,65,60,55,68,71,51,59,62,61,61,58,66,66,70,61,64,68,60,66,63,73,43,69,69,43,61,68,74,64,53
2020-11-22,55,52,54,50,50,49,50,39,27,47,71,57,48,57,47,53,56,30,49,56,58,50,42,53,55,56,39,49,57,50,42,51,54,58,58,63,52,53,45,48,48,36,51,52,37,51,59,56,54,53
2020-11-29,71,51,67,49,63,61,50,39,32,64,50,66,60,70,63,55,69,37,53,63,70,59,57,58,66,54,34,64,46,64,53,61,61,66,62,74,59,60,54,55,60,40,74,69,57,57,66,61,58,56
2020-12-06,68,47,64,54,65,67,54,53,31,60,72,58,63,66,67,64,59,38,54,71,68,62,61,50,67,62,57,70,40,68,49,59,64,71,60,83,63,64,50,60,51,40,68,76,33,64,68,57,64,50
2020-12-13,64,38,62,50,59,57,48,37,29,54,48,47,52,68,49,55,53,32,39,65,59,59,56,50,54,53,38,76,61,57,54,57,56,22,55,61,66,55,54,57,31,38,60,83,41,57,60,57,59,37
2020-12-20,51,33,43,43,47,49,45,42,22,39,42,45,46,46,41,36,43,28,54,62,49,49,46,32,49,59,41,56,53,52,38,49,46,32,45,55,44,52,32,40,9,31,44,45,22,46,57,55,49,15
2020-12-27,47,54,55,48,47,56,52,32,24,43,54,44,51,55,50,42,46,36,44,48,55,48,54,35,53,36,47,53,50,48,39,47,45,62,48,52,53,48,29,47,35,25,48,56,33,49,59,34,49,51
2021-01-03,50,32,54,40,50,50,50,37,27,46,42,59,50,57,50,51,53,28,46,56,55,58,43,40,58,56,36,52,47,51,47,53,55,38,58,62,62,55,52,49,49,31,54,62,37,54,57,41,48,53
2021-01-10,54,35,57,53,58,57,47,55,30,51,49,62,58,62,60,41,54,33,39,61,57,55,55,43,56,38,40,46,38,56,46,56,55,36,57,72,67,58,48,49,47,35,56,53,35,52,59,52,61,30
2021-01-17,66,52,54,46,56,59,46,43,28,53,47,59,55,59,64,50,47,34,26,66,58,54,55,40,57,44,50,62,37,49,46,56,55,43,59,70,63,54,43,50,55,39,59,59,24,59,61,62,57,27
2021-01-24,73,45,73,62,58,62,53,59,32,56,39,54,55,61,72,49,56,45,51,71,59,56,58,58,64,53,42,69,36,60,53,56,61,48,67,58,59,59,40,63,77,40,61,69,34,57,77,58,57,46
2021-01-31,65,24,74,60,62,58,57,34,34,63,63,57,59,68,55,64,58,38,50,56,71,64,58,49,61,77,49,67,63,54,55,56,60,51,67,72,62,57,43,54,40,39,65,72,24,56,68,64,62,30
2021-02-07,68,37,74,58,63,62,59,46,33,58,41,63,62,67,56,71,56,38,44,65,63,60,57,50,63,59,41,68,57,60,59,57,65,15,66,60,61,61,40,55,42,37,61,55,41,56,61,56,58,24
2021-02-14,65,38,72,62,59,69,65,40,34,57,48,58,60,71,57,55,57,30,58,72,61,62,62,56,62,70,46,66,71,58,55,57,62,43,61,60,67,60,63,62,56,34,44,57,55,63,67,62,68,36
2021-02-21,65,60,66,64,65,72,65,61,33,60,56,68,64,67,64,65,73,44,48,72,67,64,59,53,73,55,50,64,55,62,61,68,65,57,64,75,61,57,38,63,48,38,60,64,39,67,75,70,67,53
2021-02-28,63,57,78,66,65,66,56,46,33,58,57,65,63,68,56,67,54,39,43,63,60,58,63,57,60,55,41,62,41,60,61,59,70,57,61,66,64,61,62,58,54,42,65,68,49,60,70,63,56,50
2021-03-07,65,46,66,52,62,62,61,39,32,58,57,58,62,63,67,57,59,39,48,72,59,54,55,61,64,52,32,69,52,56,46,60,65,41,58,75,67,59,56,55,35,42,68,57,36,61,73,53,65,20
2021-03-14,60,40,54,49,62,56,63,64,29,59,46,46,57,61,52,48,54,41,29,67,65,55,47,41,59,36,46,62,51,48,55,64,63,48,58,55,52,56,34,58,49,35,54,67,28,59,62,68,68,38
2021-03-21,56,29,70,43,59,57,59,48,30,50,56,50,56,56,49,56,58,42,35,65,63,59,52,47,60,61,40,66,63,60,39,63,70,44,61,57,47,59,44,58,53,38,63,67,24,63,61,47,58,39
2021-03-28,60,33,68,51,53,61,50,46,29,48,50,65,48,57,48,51,52,34,35,64,59,48,45,52,54,47,37,63,54,53,51,46,60,55,52,61,54,55,54,53,41,34,65,56,20,54,56,45,52,31
2021-04-04,62,32,77,50,57,63,57,45,32,44,32,52,53,56,49,46,54,30,62,60,61,50,54,49,55,59,36,60,62,53,45,57,55,33,52,77,48,60,63,44,39,35,69,52,27,59,50,74,54,39
2021-04-11,59,38,66,61,56,60,47,65,30,53,61,55,57,63,57,65,60,40,50,66,61,54,48,46,63,38,44,50,51,57,64,63,66,69,55,62,66,58,45,59,36,39,66,69,30,66,58,61,64,43
2021-04-18,62,68,65,49,61,64,60,51,33,56,51,59,57,57,65,73,58,37,32,64,51,57,53,54,68,38,43,52,56,59,49,60,64,56,56,63,61,56,39,56,51,36,63,70,40,64,64,67,56,43
2021-04-25,55,55,65,50,59,53,56,57,32,53,66,62,61,55,51,55,58,37,46,64,62,56,53,48,58,45,43,55,39,54,53,63,68,38,58,57,50,53,50,59,40,36,64,59,25,62,60,63,60,30
2021-05-02,56,47,67,53,56,66,56,58,31,49,55,46,54,62,46,55,60,39,29,66,55,51,52,36,63,49,38,64,46,53,54,57,61,45,57,59,48,56,56,55,35,38,64,65,31,61,57,53,58,37
2021-05-09,60,44,71,52,59,59,55,55,32,49,54,72,48,58,60,57,53,34,50,66,60,57,49,44,57,75,43,63,49,56,50,55,57,50,54,54,61,55,36,54,42,31,63,60,43,51,60,65,70,24
2021-05-16,57,53,69,46,59,56,50,56,30,47,39,59,54,60,63,58,47,35,39,62,49,51,49,48,48,48,41,47,47,50,49,58,52,60,51,61,51,54,39,54,41,34,61,56,27,51,60,49,54,20
2021-05-23,49,45,66,54,57,58,53,53,29,43,56,62,49,57,51,49,47,25,39,53,55,49,54,37,51,46,40,57,50,43,35,52,51,29,50,50,54,52,45,55,42,33,52,54,25,48,57,49,53,34
2021-05-30,48,34,58,47,56,45,43,44,29,46,50,43,50,48,52,57,59,36,39,56,52,50,49,30,51,38,33,57,47,47,43,54,49,33,50,60,64,51,37,48,23,32,48,47,40,55,63,37,54,38
2021-06-06,49,59,63,45,55,52,46,43,28,47,44,50,49,49,49,45,45,32,43,57,46,50,41,43,52,33,38,55,46,47,39,43,55,31,50,56,56,53,56,49,49,32,51,58,32,47,63,51,45,42
2021-06-13,58,37,63,50,50,48,51,47,32,50,37,46,48,54,50,56,46,49,39,55,47,52,48,60,50,38,34,52,43,46,37,49,57,43,51,52,57,50,43,55,40,31,55,53,29,49,54,41,48,31
2021-06-20,55,43,52,45,48,53,42,49,26,49,43,33,44,52,45,49,54,33,42,58,49,46,44,37,52,39,25,50,40,49,48,41,49,49,50,53,34,50,37,48,41,33,50,48,32,46,45,38,42,41
2021-06-27,49,41,61,38,54,46,40,39,28,44,32,44,48,48,46,52,48,41,38,50,46,49,44,33,45,40,39,43,31,41,35,42,53,45,47,40,37,45,38,48,39,31,48,54,31,45,35,45,44,20
2021-07-04,56,44,50,41,49,50,41,53,25,42,48,49,44,51,38,52,49,32,27,51,49,50,38,49,50,25,40,51,37,41,35,42,51,51,42,49,48,44,38,46,29,33,46,49,41,48,45,47,42,30
2021-07-11,59,28,50,46,49,49,41,49,26,43,48,36,47,53,47,57,46,31,37,58,48,39,45,45,51,39,29,47,40,42,31,44,50,36,46,46,51,52,34,45,39,31,46,65,44,49,47,52,48,14
2021-07-18,52,62,50,38,50,40,44,27,24,43,41,52,48,49,39,53,52,33,43,44,44,48,48,32,50,35,39,45,44,47,46,43,52,30,53,57,54,47,39,43,33,28,52,49,34,48,50,52,48,22
2021-07-25,43,27,57,41,45,53,40,51,26,41,47,38,45,48,51,48,50,32,30,48,47,41,48,46,43,36,40,50,41,44,40,44,51,27,51,47,47,49,36,47,37,25,48,53,18,48,53,49,45,44
2021-08-01,54,39,53,51,47,43,50,35,24,38,45,45,42,50,48,50,50,28,45,51,52,42,45,45,48,48,35,44,43,43,45,40,51,18,50,49,52,47,40,41,33,28,46,54,44,45,45,44,43,21
2021-08-08,57,31,53,51,45,50,51,38,36,45,35,41,44,50,42,47,39,30,30,44,46,45,47,34,49,39,35,51,43,46,17,45,49,42,48,46,43,49,35,44,32,31,48,53,34,44,50,42,48,30
2021-08-15,51,48,58,34,44,48,40,33,28,41,52,49,42,50,43,41,44,34,34,44,48,42,44,43,43,29,31,44,50,46,40,42,46,20,44,49,50,47,36,46,57,34,48,55,21,46,54,43,50,49
2021-08-22,55,31,57,47,46,52,43,40,26,49,67,38,47,49,33,49,44,59,45,49,47,43,41,47,48,27,31,38,54,39,45,43,49,27,46,55,55,48,44,49,27,32,55,52,31,42,48,58,42,10
2021-08-29,93,49,58,50,49,54,46,52,25,44,52,55,52,52,60,49,74,39,32,55,47,45,54,100,46,39,32,40,44,43,47,44,53,10,53,53,50,49,37,52,28,100,49,50,23,55,49,81,43,37
2021-09-05,50,23,58,60,48,52,46,39,26,43,45,44,51,53,47,47,48,34,42,54,51,48,46,47,54,49,41,49,39,46,51,43,54,19,48,53,47,49,37,53,44,28,50,48,34,47,52,34,38,87
2021-09-12,57,53,70,46,50,54,55,44,31,49,48,51,51,59,53,69,56,100,39,56,49,47,47,85,53,56,35,58,46,49,44,45,61,36,56,65,49,52,35,60,29,33,100,69,19,57,51,55,56,70
2021-09-19,73,30,62,54,58,61,57,38,31,55,51,52,56,68,55,61,58,41,54,61,50,49,53,39,65,42,42,55,46,50,47,54,61,55,62,58,58,56,45,60,50,36,56,59,29,55,57,52,54,44
2021-09-26,68,56,72,61,56,61,60,44,31,54,37,67,55,59,67,63,47,37,50,57,50,50,50,58,52,46,48,45,31,51,45,51,62,56,58,61,64,57,41,53,34,33,56,76,43,57,58,45,56,29
2021-10-03,64,45,55,53,54,57,50,46,28,51,51,43,55,63,60,52,46,34,37,66,60,58,52,54,54,42,42,63,41,49,50,53,61,54,59,62,56,59,30,55,58,37,55,53,42,59,60,64,57,61
2021-10-10,61,76,56,50,53,63,56,45,31,49,56,64,58,51,70,62,55,40,40,56,54,52,54,48,55,44,42,57,40,50,52,54,63,57,59,63,51,57,51,52,70,38,58,69,18,56,63,66,58,73
2021-10-17,63,56,61,58,57,52,59,50,29,51,41,38,57,61,63,54,50,40,38,64,53,59,45,58,63,50,41,53,44,49,41,56,57,44,53,55,51,52,50,54,40,35,62,68,30,56,62,60,56,42
2021-10-24,69,48,62,55,53,53,54,70,30,54,50,54,57,60,72,56,64,37,42,73,63,59,49,54,60,56,46,60,39,49,41,52,57,37,57,56,62,59,58,52,44,41,59,74,41,63,70,55,58,77
2021-10-31,65,57,65,63,56,64,50,61,30,55,46,57,52,63,62,42,57,36,33,65,59,55,51,54,72,55,45,65,59,55,48,53,60,62,53,63,58,63,45,50,56,39,62,63,54,57,60,61,57,46
2021-11-07,68,46,61,62,55,62,57,61,31,56,75,78,59,61,60,60,57,34,53,67,61,59,59,58,61,45,54,51,68,60,53,61,64,53,62,67,69,66,57,50,45,37,62,75,52,59,69,76,58,47
2021-11-14,64,49,66,59,59,58,53,59,29,59,36,54,56,68,55,65,64,38,50,60,62,50,60,63,59,55,40,61,62,57,49,56,63,64,59,60,60,60,51,60,44,39,66,57,72,57,67,64,58,80
2021-11-21,52,34,53,46,47,49,43,36,23,39,38,33,46,54,47,60,47,29,44,54,50,45,42,45,45,39,29,53,45,46,44,45,50,40,45,47,43,49,53,44,39,31,45,53,19,45,48,41,54,44
2021-11-28,58,22,57,63,59,62,59,51,28,50,48,57,56,61,60,53,53,35,48,70,62,54,52,49,65,49,50,47,57,53,44,52,65,10,60,64,53,64,51,54,45,40,65,64,63,60,64,63,59,17
2021-12-05,71,44,60,48,60,63,63,53,31,55,57,54,58,62,70,50,57,37,33,67,64,59,49,48,56,72,40,59,61,56,35,56,58,55,62,55,51,59,61,53,59,37,64,72,35,52,56,50,56,84
2021-12-12,58,49,54,51,57,56,59,38,26,44,57,54,47,62,54,70,51,35,56,62,56,63,51,46,52,58,41,57,42,51,45,54,55,38,53,58,56,56,45,52,29,32,55,62,25,54,57,64,60,44
2021-12-19,50,27,40,41,39,44,49,34,21,40,40,41,42,44,33,48,46,26,27,44,44,46,41,30,44,52,31,40,43,44,31,42,39,28,41,44,39,50,35,33,53,24,38,48,32,42,45,34,42,27
2021-12-26,41,48,50,45,40,49,42,35,21,38,31,38,40,46,40,52,39,26,39,51,44,42,42,44,46,33,27,48,32,42,41,40,43,27,43,42,51,49,37,34,39,28,43,44,28,40,43,35,43,39
2022-01-02,50,47,58,47,51,51,52,42,26,47,39,35,54,53,66,43,51,35,41,57,56,50,48,44,53,47,32,49,48,45,43,51,55,35,54,55,67,60,40,45,38,30,53,58,48,46,51,44,53,70
2022-01-09,50,28,55,52,55,65,59,58,29,44,37,50,51,64,44,68,54,37,35,67,57,53,41,42,58,63,37,62,43,54,48,53,52,52,65,64,58,53,41,46,34,34,56,50,37,52,66,53,56,41
2022-01-16,65,46,61,51,51,58,62,30,31,55,59,54,53,64,55,58,49,38,43,63,52,61,53,54,59,70,40,67,49,52,40,50,54,42,55,54,65,56,32,48,26,31,54,61,52,48,64,53,51,55
2022-01-23,69,66,65,63,60,57,60,47,32,67,50,59,60,66,64,64,60,38,43,73,66,62,58,58,64,56,54,63,54,58,53,57,61,44,65,61,68,60,50,56,47,40,64,62,38,62,70,47,57,56
2022-01-30,71,33,75,48,66,63,59,39,32,64,78,56,66,67,57,54,51,43,42,73,64,59,53,55,67,63,41,53,66,65,46,58,70,64,55,51,71,59,60,60,54,36,66,75,42,64,73,57,67,53
2022-02-06,74,53,70,59,69,70,66,73,37,75,77,48,66,75,58,67,67,43,52,71,70,64,53,57,73,73,50,61,57,63,52,65,71,31,71,70,71,65,50,66,48,42,71,71,43,72,72,68,70,68
2022-02-13,72,64,75,58,64,66,66,36,32,64,63,71,58,71,57,56,63,44,43,74,60,58,61,58,69,63,55,67,49,65,65,66,61,37,65,69,60,61,62,63,58,44,70,66,38,59,69,59,64,48
2022-02-20,65,32,76,62,65,67,65,54,35,60,60,55,63,66,62,61,57,41,52,73,55,56,67,57,70,59,49,65,42,60,54,61,67,53,68,65,55,64,57,54,60,41,71,75,35,67,64,61,64,50
2022-02-27,65,39,70,67,67,62,60,52,34,66,59,73,68,72,56,62,61,37,51,68,62,62,68,57,77,69,51,58,39,58,56,69,67,62,70,66,72,64,49,54,48,39,72,73,50,69,68,59,77,48
2022-03-06,78,38,68,52,70,70,68,48,35,62,65,58,64,63,54,57,55,41,47,73,69,65,62,58,69,45,44,71,61,62,68,73,64,52,66,77,77,60,46,54,44,37,76,68,57,70,75,56,61,48
2022-03-13,75,47,58,64,67,58,56,62,30,59,55,58,51,61,47,51,57,43,43,78,61,61,56,51,60,46,41,50,51,53,46,67,65,45,60,59,68,60,52,50,38,33,57,74,50,63,78,66,64,47
2022-03-20,60,33,63,43,65,60,63,51,32,61,54,57,61,60,72,61,62,44,42,72,64,65,59,51,57,63,46,62,47,63,39,69,73,35,64,67,57,71,64,56,39,39,67,80,47,64,67,74,57,48
2022-03-27,66,70,74,71,64,63,74,71,34,69,64,60,66,66,73,69,68,47,59,74,67,57,63,67,76,59,54,78,57,73,59,79,87,54,74,71,67,74,71,71,67,43,87,77,61,81,74,62,62,41
2022-04-03,77,64,75,76,65,70,70,62,33,54,71,71,73,75,91,74,55,48,53,78,69,69,70,75,72,67,52,68,52,66,63,80,93,66,75,77,67,74,67,74,66,45,88,66,37,73,63,62,74,39
2022-04-10,74,59,69,71,62,63,49,43,35,68,79,81,63,65,70,59,67,38,55,56,70,59,62,59,72,50,49,57,57,62,59,65,65,63,64,82,66,58,56,59,69,40,77,83,35,62,76,77,69,26
2022-04-17,91,77,80,72,60,69,67,54,39,70,85,62,67,80,73,74,70,49,48,76,55,71,73,73,68,74,54,59,64,59,54,67,71,48,75,81,70,73,53,74,55,47,82,76,45,71,75,60,76,65
2022-04-24,85,50,72,69,68,75,70,60,36,64,52,53,73,80,79,63,64,42,57,69,63,68,68,65,71,71,56,61,53,71,65,70,90,71,66,75,75,70,64,77,42,44,75,77,66,72,78,61,72,56
2022-05-01,72,56,75,67,73,74,61,66,35,71,59,71,73,76,82,75,61,50,50,69,73,66,78,63,74,78,54,79,59,68,72,75,84,59,70,82,75,70,52,74,51,43,78,69,64,65,77,67,83,36
2022-05-08,69,61,70,64,70,62,67,59,32,60,65,63,58,65,64,64,61,44,53,75,58,57,61,59,74,70,50,68,57,62,57,73,68,42,65,74,67,64,55,73,59,41,81,63,50,62,79,50,72,61
2022-05-15,62,25,69,54,68,58,53,50,33,53,63,66,59,71,60,60,60,41,44,69,66,59,59,47,63,48,48,78,52,59,53,70,69,48,64,63,63,60,49,61,57,35,70,70,34,55,74,52,68,53
2022-05-22,62,39,62,62,65,59,50,57,30,48,56,56,56,57,69,53,56,36,61,65,48,57,53,46,62,49,42,58,53,53,54,55,65,55,60,49,69,56,51,53,36,33,58,55,21,55,67,66,57,51
2022-05-29,60,43,52,43,58,54,45,44,35,48,43,44,50,50,50,39,48,32,46,59,49,54,52,43,44,75,34,46,58,57,38,56,56,46,50,50,66,53,53,57,27,30,48,50,37,51,67,44,54,42
2022-06-05,58,48,60,50,53,51,58,60,30,44,51,56,49,60,50,43,59,34,48,63,58,53,47,49,56,46,43,49,47,59,44,55,51,34,55,53,56,53,53,49,55,30,55,45,39,50,71,40,60,38
2022-06-12,46,43,65,53,52,52,60,32,31,46,52,49,49,61,53,55,51,36,37,63,60,53,43,53,59,37,42,48,55,48,55,56,55,37,48,60,69,55,47,48,46,33,57,62,40,48,62,50,52,40
2022-06-19,55,34,58,42,53,54,48,45,27,45,39,42,48,55,44,49,54,35,43,58,53,45,40,45,47,72,36,50,43,46,35,42,49,48,53,48,50,52,52,51,48,31,52,52,39,51,51,43,46,37
2022-06-26,62,39,48,47,53,51,42,28,28,43,57,48,44,53,52,49,42,30,28,50,45,46,44,43,45,44,40,48,35,43,51,44,45,27,45,53,46,46,33,44,45,35,53,52,21,41,51,46,51,21
2022-07-03,46,26,55,46,53,49,45,43,28,45,45,43,46,50,44,53,39,32,37,51,50,45,45,39,48,47,48,47,36,39,37,44,77,24,47,57,42,49,44,70,34,31,50,57,23,46,48,44,52,0
2022-07-10,56,32,49,51,52,57,43,40,29,43,57,40,46,56,49,46,43,32,40,53,50,49,42,38,51,53,30,51,52,49,50,45,53,51,57,48,49,52,45,44,24,29,53,57,31,53,49,50,48,44
2022-07-17,53,42,54,47,56,57,40,38,29,49,51,41,48,52,60,50,50,35,46,51,51,49,45,50,54,35,36,55,36,50,46,50,50,52,48,59,53,49,44,50,34,37,54,58,26,48,58,43,50,15
2022-07-24,68,40,53,52,52,52,47,40,29,48,39,55,46,52,50,50,53,36,29,54,50,48,57,37,56,39,32,45,49,50,50,53,55,39,49,61,49,51,36,53,29,32,57,61,42,50,51,48,53,19
2022-07-31,52,42,53,43,50,52,47,37,23,41,61,45,44,45,39,44,44,30,40,53,51,45,35,34,50,45,40,42,40,47,48,49,52,46,44,50,53,51,33,46,24,29,50,49,27,49,46,38,48,42
2022-08-07,54,39,48,38,48,45,50,42,23,43,61,34,40,45,41,39,48,30,39,49,45,44,38,35,43,52,38,40,52,46,49,49,44,52,47,46,54,45,24,37,30,32,48,45,25,44,50,36,49,40
2022-08-14,55,33,58,45,47,53,40,21,24,43,49,35,48,45,41,44,54,29,32,48,45,45,43,35,50,24,26,57,30,43,30,42,54,36,50,60,56,46,32,40,37,32,47,51,27,40,52,48,46,39
2022-08-21,46,34,51,46,47,50,35,35,27,49,49,44,48,52,41,59,50,39,34,48,45,45,42,51,53,42,40,50,42,40,50,42,51,21,52,55,57,43,36,46,42,31,51,53,27,41,50,43,42,34
2022-08-28,56,46,54,52,49,55,43,34,29,48,54,47,48,58,46,45,55,35,34,44,48,42,40,31,48,45,37,52,30,43,46,46,54,60,54,60,46,48,31,43,36,35,50,52,43,46,46,43,47,38
2022-09-04,53,29,55,49,50,52,44,50,27,49,44,52,46,57,52,52,54,30,41,53,47,48,48,44,51,56,38,56,38,47,58,47,56,43,55,57,54,50,32,44,36,33,54,58,29,48,45,49,47,31
2022-09-11,69,33,61,67,55,53,47,43,30,48,54,69,56,60,52,54,54,41,43,54,51,50,55,50,59,43,47,68,49,51,45,55,59,52,54,54,51,50,52,50,46,33,60,57,41,50,52,38,51,48
2022-09-18,70,27,68,64,61,66,52,51,100,61,72,58,60,63,66,55,67,46,47,65,60,59,59,63,57,36,45,63,47,60,50,56,70,26,61,66,48,62,37,57,50,41,62,62,26,55,58,67,62,39
2022-09-25,65,39,70,45,60,62,56,50,46,58,56,68,54,57,64,61,58,44,37,65,56,60,52,53,61,42,40,55,44,62,50,55,64,42,60,51,53,60,40,64,43,37,60,63,40,59,61,53,67,50
2022-10-02,61,56,56,57,60,67,58,58,38,53,56,56,57,65,61,68,53,41,39,59,62,56,62,56,62,44,39,49,45,58,40,57,68,50,58,59,66,60,41,46,51,31,59,62,50,56,58,59,64,31
2022-10-09,57,32,56,59,57,55,48,52,31,50,46,51,56,56,56,57,62,35,43,67,61,51,62,59,65,51,52,60,51,54,42,57,62,51,58,54,56,55,41,52,44,36,59,64,36,59,57,53,62,37
2022-10-16,68,55,57,68,61,64,51,39,29,59,55,52,58,50,62,50,51,37,51,62,72,54,54,60,62,61,48,61,44,63,48,56,63,48,58,61,59,58,38,50,40,41,55,65,43,54,61,61,56,35
2022-10-23,65,64,55,47,59,69,53,41,31,54,65,41,57,59,63,64,61,40,55,62,62,56,56,59,67,61,44,64,49,62,42,56,68,59,60,67,64,60,44,57,51,40,60,65,32,54,64,54,66,31
2022-10-30,64,59,61,65,58,55,52,40,32,57,54,60,59,60,62,59,60,38,48,69,58,55,61,60,59,52,55,51,51,60,46,55,67,35,62,63,59,59,46,54,52,38,64,61,55,56,64,56,72,49
2022-11-06,66,44,59,51,57,57,53,49,33,100,60,62,56,65,65,54,52,36,35,58,63,61,58,56,60,63,52,49,49,57,51,64,74,57,59,66,58,82,39,97,46,45,63,68,37,59,62,85,58,42
2022-11-13,71,41,59,50,59,66,63,55,29,54,59,70,57,66,65,61,61,42,50,65,70,55,51,58,57,48,54,61,60,62,47,60,73,41,62,75,67,58,48,58,39,37,71,68,24,66,70,49,64,52
2022-11-20,47,55,53,41,46,39,48,53,23,40,56,45,49,46,44,50,47,28,40,54,49,47,48,38,46,51,35,48,44,47,33,48,47,40,49,40,45,47,42,47,47,26,42,48,33,47,47,35,49,12
2022-11-27,71,42,65,56,63,68,60,63,30,52,55,63,58,72,58,60,71,39,55,62,62,62,57,64,67,63,52,52,62,57,55,54,75,51,63,69,66,62,46,64,43,40,69,64,38,59,61,77,64,46
2022-12-04,73,66,65,68,67,71,65,66,32,59,73,58,62,76,72,66,65,41,59,63,63,62,59,50,67,53,47,70,59,61,71,60,66,61,70,66,59,69,55,59,37,44,73,69,54,58,70,68,63,51
2022-12-11,66,45,67,63,70,73,60,51,32,56,67,65,64,74,71,61,62,41,46,76,75,68,64,49,75,60,46,63,63,76,58,63,76,63,72,64,66,62,54,54,40,39,69,79,40,65,74,67,66,56
2022-12-18,44,62,52,46,49,42,48,31,22,38,45,48,48,56,44,39,39,23,38,58,54,49,54,40,49,33,21,50,46,59,42,53,46,44,47,50,49,53,36,42,51,26,44,56,31,41,52,43,54,26
2022-12-25,49,40,41,41,43,45,37,39,21,35,46,48,43,46,42,48,34,29,27,50,37,46,44,34,42,50,28,36,28,40,33,43,50,33,45,44,53,44,32,37,22,28,43,52,24,41,49,32,44,15
2023-01-01,62,42,49,56,42,47,55,40,26,44,28,47,52,53,62,54,61,39,36,58,59,56,50,46,57,41,37,45,44,59,44,53,59,51,57,54,65,58,41,46,35,33,51,57,37,50,67,38,67,48
2023-01-08,73,68,60,63,60,57,65,73,32,52,50,64,57,69,57,57,62,37,55,65,62,73,64,62,69,58,46,62,45,65,50,58,64,71,71,67,64,67,53,55,47,41,60,61,36,55,67,53,64,71
2023-01-15,68,51,63,55,61,59,60,58,30,55,60,56,60,73,69,60,58,39,42,64,60,64,66,48,71,48,46,67,47,65,49,57,62,48,66,62,72,63,57,55,57,37,61,73,22,59,73,64,64,46
2023-01-22,73,58,62,63,64,68,69,53,34,59,59,70,68,68,78,61,74,42,61,72,80,64,63,58,80,67,54,72,55,63,53,57,64,50,67,64,78,59,44,62,52,39,66,67,50,60,75,59,64,39
2023-01-29,74,57,76,56,71,73,66,38,33,67,75,71,67,71,74,61,65,48,53,63,79,68,65,68,68,51,49,71,53,57,61,65,69,51,70,68,70,64,65,59,60,39,58,86,45,64,72,59,63,55
2023-02-05,70,51,85,64,77,67,63,52,32,72,48,61,68,70,77,65,69,43,57,73,66,67,66,57,72,57,40,73,70,64,64,64,70,73,78,73,69,69,48,59,56,43,72,71,43,65,75,68,68,34
2023-02-12,69,61,78,58,83,67,71,56,34,64,60,66,66,74,65,57,70,42,56,81,70,64,59,60,76,59,40,70,64,68,60,68,70,43,69,72,66,82,51,57,46,43,63,81,41,69,76,74,68,50
2023-02-19,73,52,75,64,66,70,70,60,33,58,65,66,69,71,64,65,64,37,42,75,62,55,65,59,76,61,52,74,52,65,65,55,69,56,75,76,63,69,61,58,59,43,70,66,39,71,76,67,68,58
2023-02-26,76,48,79,59,67,67,64,48,31,62,63,56,69,68,77,62,67,42,34,71,61,70,76,76,72,65,52,68,61,59,61,69,75,56,71,61,65,70,60,51,58,43,73,84,40,67,83,58,65,66
2023-03-05,75,63,74,58,67,74,70,55,33,64,63,70,70,72,67,57,58,44,58,74,68,66,69,61,79,69,49,64,56,63,59,69,71,48,70,67,74,64,55,60,24,40,71,77,35,73,83,65,72,58
2023-03-12,67,46,56,55,67,62,58,48,29,58,49,63,68,74,63,63,62,42,54,77,61,62,69,50,67,50,42,56,60,62,45,71,73,40,64,46,73,65,43,58,62,40,48,79,60,66,77,54,64,58
2023-03-19,61,42,69,45,67,60,71,71,32,61,46,53,64,57,67,56,65,40,72,72,69,73,73,63,65,51,44,58,68,64,49,76,75,54,70,81,73,68,47,57,48,37,77,70,45,72,73,46,65,62
2023-03-26,65,56,70,68,62,65,65,67,32,59,55,54,52,60,62,62,64,47,59,64,69,55,68,64,72,53,45,70,44,65,65,76,76,61,64,61,56,66,50,70,69,37,78,73,48,68,76,51,68,37
2023-04-02,70,72,73,55,55,62,60,72,31,45,43,71,54,63,63,58,45,38,47,56,61,56,63,46,65,50,50,49,53,53,52,56,68,41,55,65,62,57,44,58,40,36,72,62,43,59,57,40,67,48
2023-04-09,68,58,74,68,58,58,53,42,31,56,70,65,54,61,72,62,55,32,61,61,61,63,65,60,64,58,50,58,54,50,59,56,73,47,61,71,60,58,47,57,34,41,73,64,46,58,60,41,67,46
2023-04-16,61,59,66,60,62,63,62,41,32,60,63,79,60,64,63,67,56,38,44,68,52,61,67,57,69,66,48,58,68,54,50,61,80,46,60,67,60,63,40,68,47,32,74,61,38,60,75,61,60,38
2023-04-23,66,47,63,67,61,65,64,71,30,55,41,62,59,70,64,54,57,42,52,70,60,60,59,61,65,65,44,67,39,59,52,69,77,49,64,68,64,61,57,74,60,36,73,68,38,64,70,61,64,37
2023-04-30,64,48,66,60,57,66,62,65,29,52,51,61,63,68,68,50,52,40,60,66,68,58,64,58,69,53,50,61,57,57,59,65,76,39,57,67,59,62,52,66,53,35,72,62,51,64,63,54,63,46
2023-05-07,55,69,60,48,60,61,54,69,28,51,63,44,57,59,62,58,51,38,36,59,62,49,57,51,63,48,44,73,55,55,41,63,65,38,57,59,49,57,49,55,48,32,64,65,35,54,69,59,62,58
2023-05-14,62,26,59,51,61,59,52,38,28,51,52,51,57,59,48,60,44,33,43,56,49,52,51,42,58,52,45,61,43,51,53,56,67,30,60,63,55,52,46,60,47,38,61,53,22,51,61,57,55,29
2023-05-21,58,26,64,55,55,56,52,44,27,42,49,54,50,62,55,52,48,29,40,53,52,55,50,28,57,46,36,52,45,54,46,54,65,37,51,48,59,57,48,49,33,27,52,51,19,50,57,46,57,44
2023-05-28,56,26,53,53,55,46,51,38,30,40,40,46,45,46,45,38,44,33,36,52,47,44,41,42,46,51,35,52,34,51,35,53,53,28,45,46,58,54,38,45,37,29,46,45,32,47,57,45,51,38
2023-06-04,49,45,48,40,54,49,53,34,24,39,45,43,43,42,41,45,42,30,43,50,56,51,39,40,44,45,35,53,37,48,43,51,50,35,47,42,62,48,58,42,28,28,46,44,40,44,57,44,50,38
2023-06-11,48,37,53,47,48,44,48,42,25,40,49,43,48,48,51,44,45,25,38,49,50,44,36,41,50,43,42,42,41,45,42,46,49,39,41,47,57,42,51,40,57,31,45,44,46,45,57,31,45,32
2023-06-18,53,53,53,46,47,50,43,33,32,43,41,40,43,48,38,40,42,34,32,52,44,45,39,44,47,43,33,50,28,47,36,41,46,32,48,42,51,48,29,52,41,29,46,51,33,46,46,40,38,0
2023-06-25,51,29,53,38,45,50,42,24,23,39,44,62,39,48,34,45,39,28,29,45,43,41,45,33,46,40,34,50,25,42,39,44,49,33,45,47,43,44,28,44,30,31,45,49,50,42,47,39,40,21
2023-07-02,41,39,50,38,44,44,37,40,22,41,37,38,45,45,43,45,45,29,31,46,43,41,43,39,43,30,30,41,24,38,42,42,44,25,45,50,45,44,39,41,21,26,43,41,41,42,43,51,42,28
2023-07-09,56,35,44,37,47,55,39,34,25,39,49,51,41,44,39,45,39,32,35,44,43,42,43,37,51,29,34,40,38,48,39,40,44,53,49,48,44,47,36,39,41,26,47,53,30,43,44,42,38,12
2023-07-16,47,28,46,38,46,42,38,19,23,41,39,30,41,51,44,44,39,30,29,49,42,39,45,35,44,34,26,44,34,40,40,47,42,37,43,45,44,41,35,41,33,28,47,47,32,42,44,34,45,33
2023-07-23,51,7,47,41,47,52,39,28,24,37,30,36,40,51,41,56,40,28,33,48,45,40,40,41,47,16,32,50,40,42,37,44,51,46,48,51,46,47,35,39,67,31,44,39,31,44,56,43,46,36
2023-07-30,40,40,50,40,44,44,40,31,24,39,56,41,45,47,36,48,44,28,37,48,45,45,38,32,45,34,38,42,28,42,36,45,49,23,40,52,49,48,43,44,41,27,43,45,23,42,48,42,39,37
2023-08-06,50,39,54,39,44,43,43,38,23,41,36,43,45,41,38,45,44,26,34,50,45,47,43,50,48,19,35,42,30,41,41,48,51,38,46,47,48,44,32,38,33,30,46,43,19,41,44,43,47,11
2023-08-13,50,32,50,41,43,51,41,39,24,45,54,39,40,46,35,36,47,33,38,43,43,36,40,42,43,32,29,41,40,41,34,42,47,25,44,50,38,48,41,44,30,32,43,42,32,41,48,38,41,31
2023-08-20,52,43,59,46,46,48,42,41,31,46,57,43,43,51,46,47,45,34,29,44,37,41,37,46,46,37,40,60,29,41,46,47,48,49,45,44,44,44,33,45,32,31,54,49,32,43,44,40,49,32
2023-08-27,59,32,50,55,48,46,39,36,39,48,69,57,44,55,58,47,53,29,30,49,41,41,43,50,48,44,32,31,34,41,39,47,55,49,47,51,47,49,30,56,42,32,49,47,26,45,53,51,45,32
2023-09-03,54,49,53,52,47,49,41,31,31,46,45,51,47,49,41,46,43,30,36,50,50,46,48,43,49,41,36,49,42,43,40,43,58,39,53,62,46,50,28,45,27,33,50,61,34,43,49,35,45,47
2023-09-10,52,52,53,41,52,51,49,41,28,49,58,57,53,58,56,48,56,35,42,49,46,46,43,44,62,56,48,40,41,44,41,48,56,38,56,57,43,49,50,46,39,34,53,61,35,51,51,54,52,29
2023-09-17,57,34,61,64,54,63,57,48,29,54,34,44,53,58,58,55,59,39,40,65,57,46,54,54,59,39,47,58,45,52,40,54,61,65,59,68,59,52,56,57,46,36,57,56,44,52,52,50,56,0
2023-09-24,59,32,58,53,54,55,53,46,28,51,46,55,52,57,67,53,50,36,41,64,59,51,48,47,55,53,46,58,40,56,50,52,61,36,60,59,65,57,45,57,49,34,52,60,37,49,58,45,51,37
2023-10-01,59,35,53,59,53,56,51,60,30,51,47,58,54,55,60,51,47,39,44,56,51,50,49,53,54,41,42,54,36,60,42,51,56,39,50,61,50,54,38,46,50,30,54,56,32,48,50,57,52,53
2023-10-08,60,53,51,53,52,52,50,39,29,45,65,48,49,56,75,49,53,31,52,65,52,53,52,55,61,49,40,45,54,49,43,46,57,35,53,54,55,55,44,43,52,31,49,61,33,50,59,46,57,51
2023-10-15,63,42,58,45,55,53,58,38,29,55,52,58,51,59,62,56,51,34,50,55,58,51,48,53,55,48,46,52,50,57,50,53,62,33,60,56,56,56,46,50,46,37,51,55,26,49,60,53,61,60
2023-10-22,57,94,52,46,54,55,55,39,26,59,46,49,55,54,58,58,49,42,26,63,57,56,56,54,58,30,49,51,44,62,53,52,60,60,60,52,60,60,47,59,43,37,56,57,37,44,59,46,53,40
2023-10-29,58,38,57,56,55,55,60,52,26,54,46,53,55,55,54,62,53,35,37,58,66,57,54,61,55,59,40,40,54,60,42,53,60,47,56,72,63,55,52,57,34,36,63,60,38,56,55,50,53,43
2023-11-05,67,42,59,57,57,63,54,76,27,58,58,68,57,67,68,64,55,36,48,68,67,61,54,72,65,50,66,68,46,57,43,55,66,61,60,63,64,63,63,61,54,39,69,74,41,52,56,61,66,55
